mean displacement,rg,shape,density,clique number,average clustering,mean closeness,mean betweenness,assortativity
24.571043258462897,0.334646393141029,0.002529160664207,0.0015430259525339,5,0.171061547148504,0.00071524013992,9.70627040083867e-07,0.802899884481768
16.4534038169268,0.3661118219671689,-0.008395112798227,0.001501700061168,4,0.137810945273632,0.0006155403152459,6.704088603129289e-07,0.8006466594303728
22.15459863891269,0.30341521891715,0.009311352714732,0.0015479282937129,5,0.179960610536681,0.000704207455368,1.11434864737063e-06,0.8159453470963609
25.6047126308459,0.298171941540957,0.042661685329837,0.001568828380423,4,0.180740740740741,0.000738639955846,8.637795107881859e-07,0.778567896948121
16.270709976269,0.3279245640049569,-0.002132288565341,0.001530311425041,4,0.153518794502401,0.000664175425131,8.86939334025807e-07,0.7959883180984899
24.3771130797093,0.306914507263421,0.013116713866972,0.001536943569504,6,0.168956043956044,0.000688488079765,1.26218847938388e-06,0.813957654233333
23.644004011155,0.327017688691023,0.01941453037812,0.001513070341974,5,0.163840972564482,0.000662200822894,1.03612109437325e-06,0.8035725995447829
25.253785686254695,0.326034829121441,0.003187490864864,0.001557550874826,5,0.175049212598425,0.000747669092472,1.39798141796224e-06,0.799860917817428
14.0558302041154,0.298983656044965,0.006291640171507,0.001551661593455,5,0.174916861246727,0.000700585629137,9.262653124947192e-07,0.8144878106587992
37.4977795587068,0.316371917956026,0.0171607680795789,0.0015635188116079,5,0.1686983812355469,0.0007226867266139,1.38220371232336e-06,0.807538785037287
41.856105283918296,0.3326670871484929,0.024295883206782,0.001554182904185,5,0.183441880220869,0.000716511825373,1.11312367381076e-06,0.82340477976637
33.0283123680767,0.348724057953621,0.0306156847080039,0.001562118815465,5,0.179325731284085,0.000732065567767,1.14578096889738e-06,0.8147418999930909
13.3523395566019,0.313706120478312,0.005717347833256,0.001516724155405,5,0.140476190476191,0.000653466506707,8.6095813232245e-07,0.8012583573197142
14.1500728167824,0.304614886037163,-0.000415083070161,0.001534304862026,5,0.163386348575215,0.000671932414103,1.04983257936959e-06,0.8111388321796359
21.7904555964326,0.337039801128186,-0.001490647837775,0.001528137859032,4,0.1722194841465419,0.000671180786459,1.00159171747212e-06,0.795467454621833
24.3922687154535,0.32356226112053,0.024115973276974,0.0015446074729489,5,0.179234167893962,0.000716793124028,1.19504909572355e-06,0.798728609060229
21.3782073343835,0.299161879414474,0.025656008440775,0.001566224758542,5,0.161766181635725,0.000705102834768,8.628126063312158e-07,0.818484335492792
30.8384416182454,0.31999191149509,-0.0021424508958479,0.001575263911656,5,0.18044889892716,0.0007680986011989,1.20784848193612e-06,0.7961456055770241
27.4335709745746,0.3436575862418739,0.00830483265289,0.00156702177402,5,0.1884848271491939,0.000742460579851,1.82693974034477e-06,0.7928642143749108
21.4444378538637,0.34032866844117,0.038099666390454,0.001530419223279,4,0.162429937355753,0.000665116297544,7.23228441755841e-07,0.8086793987585309
24.281836505737505,0.306914263440715,0.0010243038178889,0.001544367664802,4,0.166337611056268,0.000731194231781,1.40490512037216e-06,0.801275965786611
29.6790132866702,0.324747958380833,0.031735446629329,0.001543372906116,5,0.167228278823918,0.000690299223823,9.07901398061106e-07,0.8107782969180379
25.407932306736804,0.335834532203901,0.021886964456992,0.001546196236462,6,0.167941967941968,0.000700845667406,8.332765625053491e-07,0.8139590446865441
22.412006944636303,0.322029508446377,0.002642310638227,0.001528417266715,4,0.158312736859449,0.0006933162392289,1.46923047932066e-06,0.7983866678395691
22.5584148440188,0.3621208178133689,0.0359359024818329,0.001497695852535,5,0.156051587301587,0.000616560259132,6.324138607830189e-07,0.8102718437898628
28.1088620152142,0.292235035829589,0.0035707413050669,0.001559709238906,5,0.1902007861968319,0.000711597850659,7.952182752390929e-07,0.786591705359903
27.645211230489803,0.333668538801544,0.031564939480987,0.001518455486047,5,0.1632149901380669,0.000654002920936,9.47842071561674e-07,0.8049382293659301
20.9645702536677,0.3245581717207529,0.025543978173815,0.001565087546626,4,0.178184214862415,0.000746168494153,1.26867193043925e-06,0.7983644084684449
15.9538228035539,0.35881473268973,0.016673999904305,0.001525567790897,5,0.152665670154459,0.0006706601578049,9.54137216831861e-07,0.799885773308413
22.257280338461104,0.317334764732266,0.002346718139015,0.001539005277077,5,0.177427960325295,0.000682107723452,8.58165085528206e-07,0.8244058736459009
18.3156934163369,0.4178883648208921,-0.006782283981323,0.0014601059906489,5,0.087798364212986,0.000550383540141,4.12469976429881e-07,0.8162550891461429
15.1032371092287,0.292746965032739,0.0211675221639399,0.001541175204116,4,0.1715846994535519,0.000669073571133,7.49674913283718e-07,0.8078613402694091
20.0836689023651,0.3107011325525819,-0.028109412868773,0.001527842866504,4,0.15511600734435,0.000649819957195,6.47628164211551e-07,0.7859652152874209
14.084633737811698,0.295386044790865,0.0237794351634479,0.001536908612439,5,0.163687217047097,0.000659210879234,6.355925004108479e-07,0.809957437844162
23.4027329128994,0.3760228038004129,-0.005851849561365,0.001498934010522,6,0.127614827319406,0.000630771033279,6.29256734580455e-07,0.8363317037614209
24.8722470871634,0.329201084894035,-0.0007566347241119,0.0015624502692329,5,0.1888725249549989,0.000717471982581,6.82241988218939e-07,0.806052588155451
35.4006286814703,0.329045005850924,0.0029699160307119,0.001511011012244,4,0.148287841191067,0.00063510538858,7.895532454712849e-07,0.8030608525811841
29.4821552807914,0.317775679813767,0.0073019991509809,0.00154564280301,5,0.186182056319581,0.000700017483615,1.03163602650711e-06,0.793275019385645
30.0777857542228,0.350847592270426,0.0304092009432449,0.00153907378646,5,0.172487292998852,0.000693720796526,7.80675040282022e-07,0.803197646242619
26.337312086102,0.3239636049166839,0.004068779078218,0.001528713222262,4,0.154662698412699,0.000688197829631,1.2728948485107e-06,0.7892601438142121
23.5099532034423,0.350430124814859,0.035079666680668,0.0015103529654749,4,0.155209363666337,0.000652937408522,7.149906638597941e-07,0.806240948636322
30.085903937835603,0.3403381048740679,-0.0038582095181759,0.001520311479409,4,0.158948934060486,0.00065723463208,7.090953801974641e-07,0.8034817077526021
26.416494527584,0.3285237577273369,0.0479684008447209,0.001557481156734,4,0.177442244224422,0.000729619325984,1.4429834119943998e-06,0.803204386042335
15.0168732613025,0.299027474645498,0.030136162972613,0.001576653029139,6,0.166574179472586,0.000723621488231,8.52517414456844e-07,0.8169443109564979
17.3891312226089,0.3868490196317229,0.006912313288808,0.001487299714785,5,0.1230898943118399,0.000611429058117,7.89752201280809e-07,0.812152457539181
27.1691099802922,0.339059876135842,0.058401581095872,0.001546739938764,4,0.1716658444334809,0.000700429005,1.05867294996999e-06,0.790431358100866
26.9359096477524,0.392604127962728,-0.0033817860496179,0.0014683192570659,4,0.128183613030602,0.000577575629991,5.87685323797031e-07,0.8121303996219
18.266128375752,0.329231100832236,-0.0024196961683589,0.00154865412247,5,0.166666666666667,0.000725252148521,1.94819771201736e-06,0.812449238362647
21.219607530155,0.3140061059283239,0.001990149781799,0.001559167709391,5,0.181749179592511,0.00070748754621,7.65237183104665e-07,0.78544279355562
22.070069153756695,0.344094971090713,0.049673777958644,0.001518297103556,4,0.153133202099738,0.00065796794551,7.123593837430541e-07,0.7971853701733571
31.4759578310223,0.3745547184174099,0.004491156517875,0.001495191577545,5,0.127313211281544,0.000633508851619,7.85450269703895e-07,0.797824775081909
23.5064203991054,0.334858269914866,0.064762229495024,0.001545041126941,5,0.16465645081562,0.000718975048321,1.12424074385034e-06,0.80868039786641
17.702115015584802,0.3606262525808739,-0.000251833120818,0.0014912971310379,4,0.144549527127924,0.0006034955942679,5.63461520962745e-07,0.8112154641515799
31.085128856599603,0.373424058583352,0.0237987365611929,0.001493168971111,4,0.127479033053774,0.000633811049887,7.49632799876524e-07,0.792601916719737
24.4503791156992,0.3381879760193481,0.0336916219215729,0.001525930065121,5,0.165892621870883,0.000653954368733,8.225448161984979e-07,0.82444621341096
28.153728151942897,0.341512489037498,0.0202217953623589,0.001563867256529,5,0.1841066140177689,0.00072451625337,1.16886757228975e-06,0.818685161554273
20.0788711634179,0.3092009540016699,0.00027935786851,0.001573888413805,4,0.1885483605206789,0.0007618734615439,1.66906324334484e-06,0.801169844386101
13.4492109687447,0.296279067214125,0.008969824291715,0.001556925234272,4,0.163492854769026,0.000713782715485,1.02678013812977e-06,0.7689601412427929
13.8485533418241,0.293984082428136,0.010658621175943,0.001549247292656,5,0.164013266998341,0.000691871605738,8.38627713415732e-07,0.795543995024912
44.8146303480898,0.3863835234240971,0.006465342182534,0.001504152607972,4,0.12740225314778,0.000626830080933,5.769283746078861e-07,0.8039790248530742
16.2733014088228,0.301874319563842,0.021091004055583,0.001536951347574,5,0.1569389110225759,0.00067348234034,7.750833022325279e-07,0.8008586794473359
12.902807139215,0.294383736224567,0.03939778824855,0.001536617229844,4,0.14668995342648,0.000676398106219,8.84016178439813e-07,0.775541167026162
18.7032603657354,0.299511629558015,0.018473206292453,0.001535413571075,5,0.1525247524752469,0.000689046688771,7.387452968108741e-07,0.7989903524818299
15.700722414421302,0.349070982291627,0.0051314251764279,0.001490305577094,4,0.137232453957193,0.0005969026241699,4.47607310821786e-07,0.805413819691073
16.5553870590721,0.301485225291851,0.0317967742607829,0.001539789862225,4,0.172401790154152,0.0006674189197319,6.34435958030234e-07,0.7841025502046121
28.5017902951573,0.33144848651291,-0.0047263564623479,0.001557753490644,5,0.175091212955771,0.000706799549188,7.10543375228846e-07,0.8043320824536819
17.509429908144902,0.297778388158864,0.0037500803233349,0.001563817312592,4,0.168087672010214,0.00071945355791,1.16660334104428e-06,0.7900249891964001
45.9712351672084,0.40956387189153,0.001626666116551,0.001513544293661,4,0.127054340622929,0.000662890527669,1.25271659857313e-06,0.792276417983917
23.778133114958,0.314304749439341,0.0151090099986119,0.00155382422849,5,0.180114942528736,0.00069835945084,9.02422879249608e-07,0.806392080267331
24.4474618687955,0.336036417513515,-0.0006481436058589,0.001535538736436,4,0.184295346160171,0.0006738004568709,7.140390705272371e-07,0.8120483111294559
22.147167633034,0.35531280086782,0.0005847509204459,0.001514326767001,6,0.146223479490806,0.000645956124033,7.87346961074747e-07,0.817107836754323
30.220727536170894,0.339767586583957,-0.0071804311893119,0.001523320771167,5,0.164529914529915,0.0006535872835,6.31574524501445e-07,0.818873436621463
15.1212618755503,0.311240314893253,-0.00589494281603,0.0015290384907729,5,0.164026402640264,0.000668578446838,7.8248679464836e-07,0.80782621688044
22.131740639431897,0.37953749111529,-0.004032307811652,0.001498560484068,4,0.142518518518518,0.000634184290661,8.17225630424567e-07,0.820040854010877
32.175382869786894,0.336223769108259,0.00608675821035,0.001522472174186,4,0.158047405934029,0.000676584352542,1.24522833998481e-06,0.8043987635705491
14.1861972156092,0.292930575808951,0.015872703993375,0.001530703179879,4,0.149267399267399,0.000655307817736,6.83973697466951e-07,0.7956825614964581
16.005571263252698,0.313624064844544,-0.007407871707285,0.001545884225926,4,0.162416998671979,0.000679724406534,8.1194490837126e-07,0.808506845993728
23.4019495676324,0.303194576799416,0.004211910456037,0.001556141121359,5,0.167473251028807,0.000757355089328,1.91280969576943e-06,0.7912062287245379
24.6138844497184,0.339031933692421,-0.000477148796593,0.001541261180341,5,0.185395104320683,0.0006893569269269,7.09770525189727e-07,0.814675482966544
14.725805007976,0.314592178964464,0.00027338092461,0.001547156642443,4,0.164247846255798,0.000714027938572,1.05204585957909e-06,0.809418104438083
35.3881747854279,0.343499628564659,-0.000396309031686,0.001522715165894,5,0.135164835164835,0.0006479018093619,6.74238305422713e-07,0.81430583397029
29.042958957888697,0.336934560055713,0.053365548574417,0.00153286632789,4,0.165018133860864,0.000682151790592,1.04862066864967e-06,0.8068848552936558
15.0923041040721,0.325381747163623,0.004248261057376,0.001526993073004,4,0.163049610087938,0.000653972776284,5.60250210233891e-07,0.786314446708335
25.2455390560768,0.322000700281479,0.003244112531636,0.001526135999383,5,0.158230146937428,0.0006581522548979,8.0287684338415e-07,0.8205839855593342
24.5963011132304,0.31367129679207,0.023854774753031,0.001587783716521,5,0.188520534388916,0.000761120331662,1.20717179233144e-06,0.778520795300212
17.0284369328146,0.300182460090369,0.0138522529145789,0.001557045669021,4,0.15167997338656,0.000722851181889,1.10676237205007e-06,0.786389996802782
15.870661687049902,0.397487181385502,0.000447240611094,0.00147437985296,4,0.106746427384513,0.000590451607146,6.57804288589178e-07,0.8150172357743292
21.0311543194035,0.313722293948927,0.014885252484691,0.001558113812573,4,0.170713577799802,0.000705587077342,8.576926227589349e-07,0.7995011935248759
18.5105180455025,0.296664711528215,0.019381076563945,0.0015692438079989,4,0.157944389275074,0.0007695496681,2.0414332529497e-06,0.791169904126273
28.0522359858718,0.296859213949233,-0.008083658340862,0.0015564801147,5,0.174346324617661,0.000736476324275,1.09715265737462e-06,0.7819686236788841
15.8902510532975,0.294199232435733,0.024824672808631,0.001551170716646,5,0.166808179438194,0.00069072965687,6.734041302346e-07,0.8029114615945708
26.0081844662887,0.3588681737189289,0.0905681233108769,0.001516715437462,4,0.151055060995714,0.000664276549398,7.94460991798124e-07,0.788643512145817
13.9109159770093,0.299201945409228,0.024292646938737,0.0015313784137489,5,0.154119012100116,0.000664629055102,7.40339475869132e-07,0.793430308243514
14.4951198641686,0.368286931520197,0.0156809986735249,0.00149325382416,4,0.135199867855963,0.00062456825911,6.685566536594941e-07,0.811056039651449
14.9201434252566,0.298515663254053,0.024044596699035,0.001534711564503,5,0.153939093015558,0.000676108377883,7.865623198970279e-07,0.773192386628221
29.1260909071518,0.421091309054382,0.01254907688691,0.0014868597413729,5,0.112429659053294,0.000599441426628,4.124058048836661e-07,0.7820756744756329
20.0441747223609,0.338403454725458,-0.004671868225822,0.0015312169651149,5,0.15904052936311,0.000668725277186,8.20645729866588e-07,0.8152665886961641
19.1012682007174,0.3626194371485,0.002552851458962,0.001493775768873,4,0.145567729083665,0.000612368116236,6.31347777624453e-07,0.8196149983026841
30.479083853910304,0.310741865300256,0.005360704659361,0.0015708191809889,6,0.1936453201970439,0.000758221001198,1.3391486239435e-06,0.8086761425861541
23.9827028659298,0.303632353553193,0.0033342510581359,0.001548065865464,6,0.1721373418761289,0.0007208255926969,1.52480769245996e-06,0.8194742869836059
26.183454112130104,0.313442193287394,0.00047553620929,0.0015402076417199,4,0.174068578964721,0.000704441588704,9.676966152002769e-07,0.784620880043717
20.4614557237275,0.316070116327971,0.042193106493511,0.0015619151459849,5,0.174929624109952,0.000716489877594,9.28683433357033e-07,0.7825150810942378
24.9577317684907,0.342555420953155,0.003145010820992,0.001519792962772,5,0.1682422451994089,0.000663598481343,7.2943096398365e-07,0.8098147143102791
20.3085181724242,0.329405050662477,0.044344712412851,0.001555165631282,5,0.170449289725801,0.00071894816923,1.18088114727679e-06,0.7989463498548549
21.685933761153496,0.3253671662652609,0.003674182342876,0.001521391984869,5,0.145945051307514,0.000665424280222,1.049158406122e-06,0.8097919566035959
19.355980539766897,0.307811331807763,-0.004495789564501,0.001561201684055,5,0.174611865652184,0.0007129123885439,8.633485382572529e-07,0.8136382593870871
26.0336771300774,0.314165132797241,0.0021852832688389,0.0015307650223889,4,0.166981132075472,0.000662358802252,7.66702111695139e-07,0.7972756693145071
17.571290741393398,0.3310962619922489,0.0016477589652349,0.001522441680103,5,0.151225977468522,0.000653112127555,5.64878293467312e-07,0.8012769255008249
27.8810834561426,0.337141688705316,0.067808944403314,0.00153286278701,4,0.155627382728327,0.0006955979970689,1.0440116560909e-06,0.7983163659631959
30.0789879294237,0.321184557918033,0.0270151678283039,0.001541137006934,5,0.166535368455605,0.000695145895582,9.53448274128744e-07,0.804062269026747
31.1546363701135,0.3646030552936529,0.04204935515206,0.001531155657265,5,0.153247821082059,0.000708688100245,1.56756708039627e-06,0.822291842864957
23.4162713086519,0.322249609877198,0.007595117729341,0.001541501976285,4,0.177860082304527,0.000697829477869,8.58955274481076e-07,0.7933968253175872
20.9716716143523,0.319601453665773,-0.005356245396012,0.0015312656328159,6,0.159186904761905,0.000667203019362,8.79318538147953e-07,0.826006096212091
18.3074483279825,0.3286079120615169,0.00782078607156,0.00153983690309,4,0.158391376451078,0.000679446059766,7.377457325960159e-07,0.789435697608379
32.6271319928386,0.3972958169377,-0.033122603612642,0.00150692701902,4,0.1311737553577319,0.0006461930731719,6.87612166734699e-07,0.7887704654986429
40.8149316712378,0.43247513366125,-0.002763198069206,0.001491762239064,4,0.132706580900544,0.0006198167902509,5.63913014146387e-07,0.7893480295811159
15.6476852035461,0.297820916496611,0.01721152912393,0.0015618978476039,5,0.1617552105588,0.000712065031566,9.70453629827339e-07,0.8164422260438929
35.3688541339512,0.32745061786206,-6.833928844018161e-05,0.001571900417932,4,0.208158917450953,0.000765873410499,1.70709718313274e-06,0.7992490461116691
19.8910483934891,0.300380754477922,0.002830137293226,0.001569250535752,4,0.17008015087223,0.000741920653488,9.19543487872483e-07,0.817105634023364
28.7148101885234,0.352966280443756,0.075247056677697,0.001559144932095,5,0.174230660643704,0.0007305933018619,1.14455722148267e-06,0.793028101714307
25.4483542066095,0.342021053489996,0.075270417286153,0.001557454132294,5,0.168454436535344,0.00075730282822,1.36362463115171e-06,0.7910820768081892
22.823577398828203,0.348705227584995,0.000324835355187,0.001495618685484,4,0.140539651201053,0.000629798897847,7.59896392040833e-07,0.7945440978521692
13.826050099584,0.296872837553597,0.020006727039169,0.001540187587836,5,0.148813663567762,0.000680674683798,6.94916477102169e-07,0.805533097428992
27.8211954400942,0.335504457480367,0.027381303816796,0.001527746595687,4,0.154546949514882,0.000672538983934,8.47996551929619e-07,0.80452598806973
14.9174751750312,0.3890966642651761,-0.001222131302508,0.001476368898293,5,0.121601861083416,0.000581771879675,6.31502042421523e-07,0.821638121399029
15.8019145383247,0.359102699296397,0.018578728297036,0.001490308536957,4,0.129137645107794,0.000591877206686,4.6025862153934e-07,0.825470596190968
18.0447180845787,0.299705647013141,0.02002545609976,0.001577029480945,4,0.171799934188878,0.0007465030168049,1.20644089627022e-06,0.788429607644854
23.6709960601742,0.314154790415695,0.0030301727822579,0.001513943046201,4,0.148974867724868,0.000658058168569,1.09370684698231e-06,0.8004590935749559
26.7182356979103,0.325784205649578,0.003942298362032,0.001547182950093,5,0.183382838283828,0.0007045316452039,8.47127008119311e-07,0.7757588142996171
24.3716676784171,0.348506754407291,8.774517141304559e-05,0.00152348779549,5,0.164130434782609,0.000662212457647,8.223032465021109e-07,0.811397178118672
22.9817802142499,0.347342666594368,-0.004090655061017,0.0015121623141879,4,0.160647919750041,0.000652041055947,6.10624856877284e-07,0.786272227616512
43.493506167846,0.331177306455239,0.023886040154566,0.001588299703559,6,0.182901712409102,0.000784198270188,1.95544909918587e-06,0.829485088552082
17.7123491472598,0.282123709862524,-0.004773404380532,0.001591240300918,5,0.178528911564626,0.000767469012888,1.17633378356702e-06,0.7934894132348821
14.3258585194166,0.308219079752928,0.011245994712141,0.001543633588175,5,0.16646884272997,0.000692472736221,9.42014131171426e-07,0.800597680663232
23.375700960630898,0.3468598430058889,0.000166131071384,0.001530019272358,4,0.167211221122112,0.000672729789257,7.98282335534119e-07,0.7910895152078041
16.8118092914141,0.299018873605198,0.016150744432065,0.001591149275407,5,0.178976143141153,0.0007560964295499,1.2121397947324302e-06,0.792611432207893
20.474647932851,0.308953196275303,0.004345217322201,0.0015819360143039,4,0.184008528784648,0.0007587167597519,1.07295016275248e-06,0.790003863326252
16.7088905320952,0.299369519258549,0.017005153646325,0.001566302587007,5,0.163261916625145,0.000715046091906,8.599870889699791e-07,0.799204928115457
12.634696231691198,0.293937655225131,0.0183041098981989,0.001552901402342,5,0.171000827129859,0.000691017923878,7.34957780745674e-07,0.7792890744516779
13.7486742940196,0.325790160846269,-0.012427797644851,0.0015092631400789,4,0.147590461897615,0.000614995533396,6.602288714802161e-07,0.821207967438263
15.761602730975,0.3677190964288939,-0.0075801472955559,0.001492288684981,5,0.136642252719903,0.000608380353063,5.328305570875239e-07,0.8252511567399109
22.6521397742592,0.344545062779112,0.073727922478696,0.001524910945201,5,0.15124279835391,0.000678621449628,8.046826160260791e-07,0.798197014819795
13.0322098795667,0.304289771411162,0.036039943991889,0.00153639435266,4,0.158828382838284,0.0006954223405389,1.10520184536048e-06,0.802979667465956
16.0133776556498,0.3194426998900839,0.0004877763899119,0.0015096245997489,4,0.146318407960199,0.000636329846074,7.80910394315943e-07,0.807547059491172
28.5837027487692,0.327231049446207,0.0281765851132279,0.001555725754612,6,0.173551900997553,0.0007095768325119,8.42836670695025e-07,0.829439008575509
25.3398087890544,0.354624821229765,0.0002001322473199,0.001520401600095,5,0.158497698882314,0.000659647056842,7.057785275702459e-07,0.8019654624237159
16.104848078963098,0.332909458632381,-0.003217945595644,0.001501226266393,5,0.138847367546919,0.000608988900376,8.131597885334109e-07,0.8258399406277859
18.9888163309393,0.298596545220665,0.03346211554873,0.0015467169374409,5,0.163434443891928,0.00068255540931,9.01903912386148e-07,0.802371279761176
17.1187901663076,0.3012439556072,0.019633126558709,0.001560008422859,5,0.173227302849569,0.000696049056861,7.77353193578656e-07,0.816400296485154
27.5358460121587,0.3588890064978079,-0.006927547492879,0.001473236618309,4,0.1245,0.0005725833863259,5.51326714408255e-07,0.8258548913820691
30.776236944367,0.305125934424909,-0.0098513421047419,0.001569577376029,4,0.175016534391534,0.00073726597714,1.0709722165019e-06,0.781717250852624
14.7553673276741,0.320796458648015,0.000258892246603,0.0015091601704789,4,0.1495351925630809,0.00062415819738,5.86322191602647e-07,0.8162312521144242
34.1609175830474,0.347788101666542,0.002102894518145,0.001566220290637,5,0.183777339253412,0.000771794359998,2.48675109102446e-06,0.787468805995186
28.7681046599023,0.374732969697818,0.013949742363482,0.001473763118441,4,0.122055638847243,0.000574088199022,5.00500125125031e-07,0.8079840733681801
20.6389021632953,0.360106872446411,-0.00061244112443,0.001505064098024,4,0.148587010411502,0.000628897887189,5.29685705689672e-07,0.7993975826352719
25.113725671244897,0.3477799701444169,0.000434829342432,0.0014971742676489,5,0.1360244345385509,0.0006267875477799,5.497722913624721e-07,0.82106143021845
31.109315404846303,0.330664856708288,0.005654710949654,0.001539247854494,5,0.16352598693553,0.00072158756507,1.2409124374558398e-06,0.811033336422712
14.5829648235847,0.343024530531505,-0.001169597371398,0.001504555185777,5,0.147043277172118,0.000630964518411,6.7952459001191e-07,0.8140810002849279
32.938624555008204,0.324071583591985,0.042175303847474,0.001554158573605,5,0.1909448818897639,0.000708491422523,1.01482565023181e-06,0.793577760705369
21.0752785565954,0.337673070320964,-0.001155226004816,0.001505437224637,5,0.141028175976273,0.000638403456268,6.5925457865121e-07,0.8090585109056709
14.8242170282115,0.32241074337097,0.002307655811118,0.001528206925508,4,0.159007659007659,0.000667904935215,8.387414684266259e-07,0.8014698783630401
30.6632048811475,0.368435514263442,-0.003708484306955,0.001509474075846,5,0.141130221130221,0.000651159718323,5.99645398517113e-07,0.78420710784576
24.3494956270183,0.3681147136407739,-0.004521586288732,0.0014829461196239,4,0.126742461690559,0.0006131920158169,6.74254132367311e-07,0.804406071768298
25.1787311178446,0.323416480560344,0.004086663342944,0.001530597453852,5,0.164882722167162,0.0006615198056669,6.639257471995849e-07,0.793203476590154
22.9766340354533,0.339656539733686,0.012226717841641,0.001520770182881,4,0.153072348860258,0.000660710957807,6.483269043872599e-07,0.8133545526681479
25.2035279854678,0.322792824982465,0.00047273511981,0.00155565699483,5,0.168848223134645,0.000724475268357,1.11799831218961e-06,0.780097926823396
15.6862397785776,0.3158087515954589,-0.005268394085741,0.0015427694329609,5,0.165660066006601,0.00069521798817,1.0009512755144698e-06,0.8113284444312879
26.318794979532,0.331744516639946,0.001871998833361,0.001527603444634,5,0.1747454844006569,0.000674788861922,7.305100038712e-07,0.823557910757011
15.3299707331526,0.304312036492303,0.005130494366072,0.001538483701859,5,0.1547773269746359,0.000668289321479,7.804550072761259e-07,0.8125756443575659
14.0674547143487,0.299431889278066,0.025189968389116,0.001537178153324,4,0.15504799735187,0.000679873423806,8.473688832805879e-07,0.7887920061207099
26.396544191336304,0.3310533151962659,-0.004433337877748,0.001533724928975,5,0.166815623965574,0.000675998080289,9.4495361000098e-07,0.807250100908036
18.650277034444603,0.32046662773191,0.019694470650544,0.001529507282281,4,0.16316401062417,0.000653547156248,9.84130665905202e-07,0.804829417828718
24.3231904009019,0.384113989281331,-0.004101163442899,0.001484406420241,4,0.1371997367555119,0.000612728532003,6.40914199436024e-07,0.804462651584122
25.461346782367897,0.3358373969343859,0.0226971802936,0.001528280501627,5,0.17084802331594,0.0006659289258289,8.16738087293333e-07,0.814239914140673
18.542592173012,0.299742009557248,0.0272186815651249,0.001539151424381,5,0.152366765971533,0.000682216632111,9.88842218249599e-07,0.7895062738427271
34.7913667660617,0.3818237567457779,0.0052694747932209,0.001496732471539,4,0.137920185461169,0.000607601669077,4.94790353837763e-07,0.797711381839456
53.2018997436457,0.39682893929091,0.003038831935128,0.001481838772958,4,0.108325024925224,0.000586825492993,7.2802632316886e-07,0.7960732751001841
22.3667570781421,0.323105638612775,0.007929332877654,0.001565876694487,5,0.195955546177112,0.0007185409294189,7.153252849030099e-07,0.8062738241625419
29.4229254404159,0.401170717681627,0.0001628475676109,0.001486352424847,4,0.10091165257749,0.000619177500356,8.149645128579359e-07,0.772974680159617
17.6816542290662,0.29408724834853,0.022799010843746,0.001547869310005,4,0.168442895086321,0.000683464458612,7.765676622112691e-07,0.7843098472150841
39.505214261851705,0.303909115167949,0.003012441650579,0.001564578070528,4,0.1856387373987769,0.000730275945081,1.21363932197652e-06,0.801425462459197
29.940064380894498,0.3364515549392429,0.011858118384187,0.001536240259762,6,0.1618294376574159,0.0006955504327049,8.64167836676009e-07,0.8238687962840601
22.447318582218,0.318878686285404,0.0016314268825579,0.001531920260591,4,0.178434268833087,0.0006821816624939,8.68814199644899e-07,0.784425098767272
23.0710557034446,0.321972151835346,0.004104910351057,0.001561508807886,5,0.189102880658436,0.000714062085732,7.61023277446727e-07,0.8104494201328578
14.0068713358845,0.273567102626907,-0.00301826959086,0.00160449535507,5,0.1828363154406889,0.000790333290181,1.33928044676664e-06,0.7821012755980559
23.5180975138292,0.311530461362509,0.0110028314141079,0.001574066362599,5,0.190169882896256,0.000743203047465,1.1943114697196698e-06,0.7882037219911809
21.619515913211306,0.336138975818505,0.036854739625772,0.001547788265276,5,0.185358255451713,0.0006972765122499,8.719723045348499e-07,0.799953804393045
24.220052522361,0.302084899847767,0.002240323114611,0.001559369197682,5,0.1768714215027919,0.000737971249807,1.71915822083784e-06,0.804466712791547
26.6153606845953,0.315975179388324,-0.005463878568562,0.001587220738649,5,0.203251975334693,0.0007626918307689,1.00269861125776e-06,0.7609398268113509
29.449268170653,0.334442639568066,0.068252808663519,0.001558042991973,5,0.1653222953371539,0.000743601794545,1.25019046513016e-06,0.7966963146651881
22.9839674674104,0.33683307911279,0.015715445302636,0.001510787993412,5,0.161347167325428,0.0006415005608119,8.116741798610729e-07,0.8172110612953679
15.750266971023,0.319317226767657,0.0304350284955909,0.0015451256692329,4,0.15598609041232,0.0007308958942129,2.17535868220781e-06,0.788338581559739
22.578652374754,0.335812315860636,0.0181813740357189,0.001514597358172,4,0.163279065943101,0.000646872017619,7.109125943006109e-07,0.798199647745734
29.833727229313,0.31677882508666,0.00359422621792,0.001605057561188,5,0.191452991452991,0.000834517474094,2.34547086722647e-06,0.8084237443629141
27.023468068925705,0.337462926743769,0.012413541154247,0.001529349242603,4,0.160540184453228,0.000691965665053,8.926000281507929e-07,0.815811712094631
27.7107142093879,0.313436133369446,0.004832903407196,0.001560376185075,5,0.186971127869006,0.000728336491377,1.06203992436789e-06,0.803469873949707
24.0903706287821,0.3694083136415561,0.0274462005868329,0.001497641105031,4,0.131057232393205,0.000632858037238,6.524793868500999e-07,0.808546040724638
16.848858697833098,0.2933253360113519,0.02942196010974,0.001555252360394,5,0.17093081134893,0.000693347955686,7.61574690542807e-07,0.8068533744692059
26.1006507827168,0.380384809386966,0.030924230234828,0.001536590649494,4,0.1494378306878309,0.000684989888563,7.32886260002895e-07,0.7950106233714159
14.4799089612834,0.295323848714174,0.016688358026938,0.001556216603316,4,0.161097339282763,0.0007077011570569,9.2902479071654e-07,0.802519381497936
13.4974529343514,0.2978327961429929,0.019088238331639,0.001567115680019,5,0.161094576719577,0.000734247133604,1.07952826023108e-06,0.799359896362748
23.7168059446728,0.32379786053367,0.0006743605036769,0.001534234467918,4,0.185709619467581,0.000690821608668,1.08838255793167e-06,0.797075529131552
51.3731596566796,0.413465723660898,0.006957330865311,0.0015236736980739,5,0.140892358913038,0.000676748041236,8.021110731449191e-07,0.8171525414687951
27.783308811125004,0.340685953789739,0.001627947511437,0.001521943134316,4,0.163951957880882,0.000671853508516,8.77433456800239e-07,0.798400378822735
16.3020218390227,0.3387886101528989,-0.0003114201952809,0.001503256889342,4,0.123985978968453,0.000623493352068,7.570333103987449e-07,0.809904928672715
15.172690217894402,0.299646378614031,0.0061179548690539,0.0015373604847839,4,0.157628524046434,0.000681391064848,7.48105251408798e-07,0.8056955067526801
29.7832713739168,0.349765670108395,-0.0016029031961149,0.00153845927063,4,0.1768747935249419,0.000693252996636,9.90039054744755e-07,0.806059578956549
25.2044841922072,0.314541833782598,0.002371537843385,0.001537256271632,4,0.1721155424257339,0.000681423143502,9.931354389997e-07,0.798492091601588
37.8869570565656,0.3801172230777009,0.017388765477615,0.001513655807832,4,0.152138861467588,0.000665308470906,6.941430750750179e-07,0.7848657054500509
14.8246728900714,0.299645955020241,0.02337817318217,0.00153988327427,4,0.152447320391571,0.000684787743723,1.09505695853917e-06,0.78667972590385
18.505331187604497,0.408764279290281,-0.005277086277528,0.0014733625019289,4,0.120349127182045,0.000567595863206,4.29915452553744e-07,0.819729285616672
32.7500286089587,0.380150277630056,0.004081873831251,0.0014940121134809,4,0.145143325143325,0.000631242529804,5.891878489591449e-07,0.803472633696654
27.5931688519675,0.334114695058927,-0.006066785842874,0.00155922030184,4,0.177442741802603,0.00072871917512,1.16464276756951e-06,0.7800362702247601
16.6551600577164,0.31437021273806,0.020648013667308,0.0015588153397679,5,0.169495450785773,0.0007425571526289,2.80542345421875e-06,0.8245330194254029
23.6524846009013,0.3356893023663869,-0.002648889607224,0.0015205192016789,5,0.172938271604938,0.0006502799794419,5.53098692610252e-07,0.8109527696478571
14.6855114866804,0.327685333536155,0.0026102791764889,0.001525737131434,4,0.150648485281169,0.0006513711446619,8.840002210000549e-07,0.821907496692949
16.843313079391802,0.383700184286517,0.0040947255659259,0.001457728864432,4,0.1075,0.00054981994677,4.23885616481915e-07,0.8025697735127478
15.383581976812598,0.306590091416867,0.008741028252813,0.001531174918272,5,0.146428571428571,0.000687783885609,9.32608766481336e-07,0.815932740394733
28.4239525664115,0.3117408294019539,0.005375684240644,0.001555939859201,4,0.1856341745010719,0.000726393117101,1.14262753167613e-06,0.780056065693938
71.3258833665183,0.296846779512571,0.0226528341214299,0.001642964679941,5,0.198544776999458,0.0008933597313949,3.12851828484488e-06,0.787267202631972
16.5833224324994,0.3682484097615661,0.0097896139707959,0.001475891210276,4,0.124796545424348,0.000596697115224,8.817902764748359e-07,0.8054495346289019
28.896353586628,0.345289514543166,0.009242910811982,0.001568655334621,5,0.191021213616181,0.000732623867955,9.62954677800962e-07,0.8034851701263329
14.2999046708466,0.2959858640515169,0.044252353619415,0.0015485753405819,4,0.15395874916833,0.000685570426493,7.77745089421288e-07,0.7885980002150309
23.748645956514203,0.336324735617679,0.002325933181337,0.001522099067604,4,0.153907022749753,0.000659375915028,8.2183948892322e-07,0.7944575009792421
48.41663024503801,0.297158437826192,0.015743786367134,0.0015806369048429,5,0.186083662714097,0.000751583969892,9.66761924941671e-07,0.795079919747374
57.2415373271433,0.2953451979922369,-0.013342460727033,0.0016152464250759,4,0.19009769829442,0.000841086955845,2.15252220433838e-06,0.7942688692857071
24.9859953938936,0.300739030494232,0.013983547497532,0.001582102266622,5,0.198402503293808,0.0007649127280039,1.0860973549569598e-06,0.807981150415352
24.9432053719512,0.311863912939668,0.0214631348441609,0.001547160668257,5,0.177925706771861,0.0006980770014089,8.284912963992341e-07,0.787071534488963
17.2107562619098,0.29807041053321,0.017935538291381,0.001550868486352,4,0.161663832199547,0.00069901871911,7.78111062571453e-07,0.77798833885025
14.7818763955777,0.298083524325924,0.004122620530879,0.001541818037736,4,0.15831793413883,0.0006835836108999,7.76717255748865e-07,0.786360277353857
17.2143331679982,0.2983190284062019,0.0148714286309639,0.001563115235173,5,0.1707296849087889,0.0007059586328999,8.045892944594459e-07,0.8115697443283192
49.71222010580879,0.31836811765,-0.007658441534574,0.0015675078229579,6,0.179915041423174,0.000723527654559,7.46457988147169e-07,0.799190226915622
25.1700820160722,0.351704402865607,0.037552014558121,0.00153689166915,5,0.1728358697430859,0.0006952919767739,9.41015260582635e-07,0.808996168250022
25.5344264148206,0.33337973276674,-0.012880325269917,0.001525192454818,4,0.150545094152626,0.0006858354777389,1.1257977335957702e-06,0.786462452827674
26.595257182547304,0.3446776848883979,0.060483079515571,0.001520541795591,5,0.1579567779960709,0.000671753180877,9.651860409027858e-07,0.789713978388039
23.9240878031156,0.3046861565756,0.008379489814185,0.001555506097107,4,0.1777339253412269,0.000730288197044,1.19311142771493e-06,0.7902229462348549
24.6946605177808,0.3450007002198259,0.0237314605671579,0.001550908371727,5,0.1699950568462679,0.00070121174144,7.852992155236071e-07,0.807059075149041
14.4900194172132,0.303811443153594,0.028268263408592,0.00155816239856,5,0.175944089078417,0.0007041746204349,8.889453762206758e-07,0.7891452107818121
23.295657344043,0.296354983907984,0.003959543579119,0.001579301994267,5,0.170355599867066,0.000769151742346,2.04115355636914e-06,0.797050215752022
14.720526422612,0.304471556754563,0.006174123850272,0.001520464483116,4,0.15427435387674,0.000650606141632,9.80237212782197e-07,0.804199304563215
23.9600513400001,0.30540162454402,0.0053483152589459,0.001574732803481,5,0.177464091134225,0.000772551330066,1.27939483651727e-06,0.7862983251961121
23.4970851910201,0.32739625210725,0.001449444253967,0.00151800641975,4,0.158740338760072,0.000654689381567,8.25870720171954e-07,0.8019865621063029
23.9895864209422,0.329739952341529,0.000723453033531,0.001546674139745,4,0.1847633136094669,0.000700716889985,7.92710078090977e-07,0.794061170901293
24.3284766383709,0.310044505587275,-0.0055339824383069,0.001582491582492,6,0.184477366255144,0.000770918738345,1.10064951346733e-06,0.7974590400125909
27.624558136768,0.354081900365741,-0.000958918684771,0.001513967980957,4,0.14818858560794,0.000644494253519,7.560125339582409e-07,0.809888624101827
22.500213659534303,0.338329033657049,0.009798490925928,0.001537055317904,5,0.168887792036854,0.000692932431258,8.91403025972464e-07,0.799955920169645
32.454412686406,0.33392502008453,0.05447743798286,0.001546381691309,5,0.167588477366255,0.000708037813907,9.68706650467846e-07,0.7966321735594492
25.9087037778159,0.345440942272527,0.009581389556657,0.001562642861299,5,0.179683638161147,0.0007495966451919,1.60519417590854e-06,0.78010870048822
23.1690233933917,0.335137824861663,0.043604752531937,0.001545830134182,5,0.1768955953556149,0.000692862033766,1.08625443046091e-06,0.8060614552219529
15.9051340442543,0.292253990602219,0.019500515486121,0.0015800967988119,5,0.187818603111553,0.000743654912072,1.14453644304218e-06,0.798027726332899
23.7113717737844,0.3300114439406569,0.001409271705854,0.001547795178053,5,0.158248383595262,0.000729831829684,1.42973143651717e-06,0.7960843295365791
14.2819560966686,0.3212594728493029,-0.005639341645638,0.0014709473019729,4,0.120783532536521,0.000569892948184,4.61883346718203e-07,0.8159788648993349
23.266167243318,0.363046676732007,0.00124002456648,0.0015026459098279,5,0.137156570671963,0.0006408536026419,8.625705241264792e-07,0.81308559657515
15.3857428553282,0.347014728003864,0.006542908223962,0.0015133732023479,4,0.1562984976060759,0.000634604784669,5.626708887251161e-07,0.8123040213195859
17.5056033175641,0.3514024262467479,0.047167182437762,0.0015085273149789,4,0.15,0.000625819103356,6.021010201424721e-07,0.807138539171173
14.3279752773255,0.373172012546026,-0.000338759115382,0.001468326980059,4,0.115027458811782,0.000577172114947,5.82750146560353e-07,0.8208090477215458
23.2950700488221,0.327262933581926,0.000594677019955,0.00155384890159,5,0.18835952848723,0.0007270324841989,9.4786158037023e-07,0.7963562068590451
19.2818756393322,0.29607880856274,0.005887048967827,0.001564881415604,4,0.1695081422399469,0.000721608205613,1.01908797179772e-06,0.795797164403364
36.3325837617401,0.325191833842611,0.000668411790689,0.001538338382362,4,0.1905252822778599,0.000675187237995,7.03806427582581e-07,0.7992967040087199
18.2326379149731,0.316720940367378,-0.005662497184874,0.001537130902541,4,0.160976013234078,0.000685380599088,8.705895630684929e-07,0.809413583547978
18.3052953417133,0.297990533076201,0.0138029093960629,0.001568187496632,4,0.171680686128979,0.000722599475453,8.618842625851829e-07,0.767660608383087
14.5845933627162,0.313984194090695,0.00251579168141,0.001539023826277,4,0.170272515785975,0.000678051803623,9.53828625174198e-07,0.8086582834296179
25.3874323895718,0.297098808074421,0.014907995553215,0.001592407819875,5,0.1991100779562319,0.000789082724673,1.29700912807312e-06,0.7819136420786059
24.240007813112506,0.362347823461057,0.054397226407128,0.001527157909012,5,0.154112983151635,0.0006895784021349,9.46654773172976e-07,0.7979377420093531
24.777481659745497,0.3208459638474329,0.00032684495361,0.001549661991545,4,0.18029929287946,0.000699938229479,9.44436318612483e-07,0.7833958618612741
25.223783006290898,0.3396268993381789,0.011593737512656,0.001528233604484,4,0.178506824535438,0.00066929945594,6.90951246084457e-07,0.808012551326491
14.3330436832356,0.299339351839672,0.008155606159828,0.001547537826373,5,0.1578190759918659,0.0006965461345079,6.91429470732425e-07,0.808636652914689
42.45690403288621,0.351673021879011,-0.000971878577653,0.001531934489837,5,0.162074409179802,0.000688909787495,8.985240496489109e-07,0.7988468014959241
24.979426253004,0.351485033799896,0.000547575710442,0.001495691916889,4,0.138036303630363,0.000617771018759,5.868650959862701e-07,0.782305815051693
14.045859447396,0.3003970917145949,0.031517717318264,0.001546363589428,5,0.1588421755088419,0.0006716086401799,6.51427190032693e-07,0.7941038939019641
15.2753707671983,0.333674506093825,0.021686196759882,0.001496202005451,4,0.133614139411959,0.0006157429153109,6.01286644031342e-07,0.805922455085575
40.5523043930932,0.302469468276436,0.004678731479838,0.001537426165992,4,0.164091134224864,0.0006847113509319,9.20911177740414e-07,0.7897931084459581
22.7999365522142,0.315768015976007,-0.0028674046405109,0.001538303261301,5,0.154895030748569,0.000712605353683,1.42361344836353e-06,0.800562740173672
24.8998383369784,0.309914540594252,0.003985242347428,0.0015399218156079,4,0.177158362111495,0.000703766354049,1.04977451763267e-06,0.7986204510873209
18.8615402845229,0.4139723300990429,0.011136870016742,0.001464434626296,4,0.0981555333998009,0.000557124604095,3.4738815693129e-07,0.801174146795817
25.817456655668803,0.306876803965133,0.0111810471796619,0.001566449050346,5,0.184537493158183,0.000736521200537,8.459166973703541e-07,0.782959727806342
34.1079340489428,0.3345626445741649,0.061831395083799,0.001563210425057,6,0.1745089727285569,0.000749938766301,1.63883322614288e-06,0.791428614958027
26.4202037544873,0.307065807886539,0.004373975009395,0.001537560439571,5,0.1753359554244509,0.000697814503387,1.00564495241716e-06,0.7890251950718051
35.8477525465049,0.312436762713246,-0.014849853475518,0.001594216881777,5,0.183507376098127,0.0008019512725819,1.83828803988263e-06,0.8054229768016601
33.457841066985395,0.332327333452877,0.001931278651461,0.00152997989294,4,0.1771541112752339,0.000687195354162,9.19977171225528e-07,0.800926879775352
27.6934499836879,0.3377272664649979,0.009684379124113,0.001540752788787,4,0.1780636648523829,0.00069316299774,9.4656827374572e-07,0.8215233340086641
23.729206926535603,0.330386615600945,-0.002032224638718,0.001554260392834,5,0.175576416337286,0.0007105760423489,9.819808158140658e-07,0.812910425956881
21.328309312940103,0.300464243282837,0.023421442355275,0.001556606149716,4,0.1583386824525119,0.000714788168114,1.21559985661884e-06,0.7783073839987679
22.3609696576912,0.336385253141008,0.060046449388481,0.001524910945201,5,0.16562962962963,0.0006852132367309,9.64123625976091e-07,0.801147227533458
13.122617110383802,0.295235465406362,0.02902649985864,0.0015434284769929,5,0.1601883986117999,0.0006853260730369,9.148672925921152e-07,0.812751774760332
22.773989894739294,0.29667925623186,0.0138936761175099,0.001554200129269,4,0.167943615257048,0.0007190163216729,1.09539578684684e-06,0.774584056375047
31.9892483882594,0.335484298711292,0.0076460811662919,0.001582162042829,5,0.190254842714262,0.0007797747394889,2.3062690121308603e-06,0.7946949009504319
28.431668924133,0.357194769461851,0.055772114012744,0.001509348721161,4,0.14733893557423,0.000658517672977,7.971537015250421e-07,0.804867209817217
14.374686710943198,0.295559878967843,0.045936451586235,0.001577810210267,6,0.161878649764991,0.000734927116091,1.0401793956114e-06,0.7999162611568521
40.451789213487295,0.333011385880856,0.000941527603127,0.001560458561587,5,0.190518372703412,0.0007370725705639,1.16999776800426e-06,0.7951071196440179
23.772892846603,0.319632011719372,0.005817119343689,0.0015558691112259,5,0.189927464556545,0.000709137300781,9.679389027854549e-07,0.80926322241062
15.7102299193698,0.323956350299479,0.035989678936377,0.001529641665247,4,0.158283433133733,0.000649505259875,6.528081182566521e-07,0.812756555370203
31.576552750385694,0.308102010787856,0.02722660571016,0.001515672532673,5,0.148847167325428,0.000661486861277,9.20380543235324e-07,0.80297517634641
30.3972051447622,0.333699318805405,0.01115466923357,0.0015380676671,4,0.163888888888889,0.0006829253996869,7.922896493226759e-07,0.818123443681823
41.97611698869101,0.4173630186378879,-0.006268094974088,0.001498680530939,4,0.117625661375661,0.00064156859363,9.027848426253142e-07,0.7990948542746981
23.791076622859897,0.30605197035681,0.0094896569094869,0.001565162223202,5,0.1856180144641679,0.0007298180945069,1.07871968215228e-06,0.8030980757593629
27.9857300342165,0.321123489275348,0.005045280903172,0.0015621922879989,5,0.166583994708995,0.0007288773524949,1.06290508955723e-06,0.7909797432557759
29.1806149041257,0.341399658616556,0.019367040877717,0.001532890444417,5,0.166115683102389,0.000689070676733,1.0395168244513e-06,0.8030863205150289
31.048138419924506,0.345730902583128,0.024815966146457,0.001548267583147,6,0.175765054294176,0.00070211130207,7.772379261856641e-07,0.809405614948573
25.6301289497034,0.322128754507912,0.000570382188082,0.001543941833797,4,0.1759670781893,0.000692495659588,9.71359980436757e-07,0.7760754116559281
28.857949318515395,0.343400298124171,-0.000297145394814,0.001541558597642,4,0.183005249343832,0.000690202865191,8.38406888641288e-07,0.803058740992303
14.3049119186134,0.300396180500781,0.019436443119524,0.0015667772191779,5,0.176928169480305,0.000710202068978,7.39976646337042e-07,0.7990717186922641
34.5025826650319,0.3384274216721889,0.00260639926337,0.001537919416112,4,0.1652259332023569,0.000705302754296,8.225558932306501e-07,0.7853587193351659
24.364615740032303,0.303350502671599,0.002575834642788,0.00156679858179,4,0.182904290429043,0.000756018778818,1.66922415914273e-06,0.7845818398923141
25.438117927681603,0.3834074418172,0.010816419084465,0.001489302301476,4,0.12722029988466,0.0006196600628069,6.85866690083002e-07,0.809168360131193
24.4908747451478,0.31817167659501,0.0070532797219669,0.001544598397133,4,0.175582922824302,0.0006984988826,9.52224937855052e-07,0.796360275489761
42.8350705277304,0.4127336552307439,0.04739567380322,0.001490272084381,5,0.10930271259777,0.0006102662487769,5.66299543620668e-07,0.7722476743468221
25.1268528650224,0.323167913196954,0.0020264962506479,0.001529929802357,4,0.168677876689746,0.00067773236114,8.967063527431709e-07,0.796506206687542
37.0726511755522,0.341403256037039,-0.001774573601077,0.001540424724824,5,0.1674241351644719,0.000691545238633,1.00636909331391e-06,0.8021410605806569
32.5358047389046,0.310641268290598,0.0090678734058669,0.001552237349339,5,0.1846255144032919,0.000694222102082,8.39899541067988e-07,0.7972194506428291
39.46337611397529,0.313214309063409,-0.026261759476808,0.001566359419242,5,0.159960258320914,0.000745256258327,2.58862526558695e-06,0.8029545517090542
48.075974804705496,0.342305811230673,3.7876049647963896e-05,0.001556826335587,4,0.184029484029484,0.000720559302253,7.745716820322121e-07,0.8032861099698101
24.249781129380303,0.389194649401549,0.0002643487760309,0.001500692513245,5,0.136928429423459,0.0006257274931479,5.95864216400217e-07,0.7982537625317291
23.8085938992392,0.320171703902265,0.003835136508469,0.001532244975682,4,0.156123800066203,0.000672610663221,8.39522875102064e-07,0.782502096512423
25.7173701047456,0.32438079780435,-0.004052390630907,0.001545893719807,4,0.183176954732511,0.000698613231316,9.482036461626248e-07,0.80141439849701
34.740983155435,0.360130933776237,0.088996344100799,0.0015056355057129,5,0.146206096752816,0.000640861452504,7.34563109528455e-07,0.8052467018499521
16.208964713341903,0.296365098423717,0.014112624395048,0.001558113812573,4,0.166801170418613,0.00070987528815,1.03317960439759e-06,0.800312796165686
18.6120417096281,0.355402585210905,-0.00461050440284,0.0014853297605939,4,0.139113104135526,0.0005803823368459,4.1326950861478716e-07,0.8136775437400809
14.5985613926331,0.317403470963263,0.008396733488718,0.001517722657153,5,0.146886446886447,0.000629116952478,6.21068087334954e-07,0.797207913795499
34.1921338071118,0.362401540501821,-0.0087887917684,0.001496561703005,4,0.13310322156476,0.000648183913697,9.216665494435528e-07,0.8069550250674251
24.2074849076691,0.32730834666748,0.040497866204823,0.001571932665543,5,0.1913541887343169,0.000740074843884,8.738449681057509e-07,0.7955365285072249
25.076817855560304,0.300817895862944,0.027749506363145,0.0015909482343389,4,0.190483234714004,0.000776174630694,1.22928896993266e-06,0.768178064847605
17.0668079449798,0.301043687520578,0.0255058086070239,0.001570072463732,4,0.164893136485747,0.0007203716594639,9.54134970501725e-07,0.7785747292869221
17.203874380078403,0.293780658019356,0.008092747712698,0.001560273899525,5,0.168913381376289,0.0007159447215499,8.48248835707604e-07,0.797601874008269
24.93598752537289,0.335513348547498,0.0595539474647879,0.001540640693352,5,0.1560035779017489,0.000713195641857,1.08988692727475e-06,0.8058639014500458
19.808720763493604,0.340181477417739,0.032409853666166,0.001520278819332,4,0.163313511727783,0.0006494777351859,6.43695997927351e-07,0.7964445969103009
62.454482527364206,0.28567455651011,0.0149212505141089,0.001618091721581,5,0.18608623548922,0.000850753645898,2.40760150313264e-06,0.8137922435252459
85.4163377278735,0.366481560374987,0.03628730504572,0.001543012441022,5,0.157391263592051,0.000718626342573,1.41612461942486e-06,0.790694799405981
19.0019506219757,0.299242140714556,0.013805718175908,0.001575362255702,5,0.166466566616641,0.0007426297752119,1.26077887041494e-06,0.7933019576998621
30.428936688587303,0.317251578908787,0.000515036471708,0.0015567756165129,4,0.187230186192124,0.000730266908291,1.3494759778776002e-06,0.783025222173542
13.4490519758941,0.280660741393442,-0.009269682780185,0.001572447686726,5,0.182135184267063,0.000765763929194,1.83901018740368e-06,0.800364711415115
24.0156663787265,0.3225610213147429,0.002060466017901,0.001551749377836,4,0.18077366255144,0.000706187561411,9.860739011734449e-07,0.8115489331561979
17.9681169141746,0.315654138404681,0.0019572362636829,0.001526325162511,4,0.154899040052963,0.000650817021289,6.247384012149709e-07,0.808340375989022
13.3469577402047,0.294829460508275,0.011510603696988,0.001542906599809,5,0.163877822045153,0.000675589636056,7.89432115360357e-07,0.811804257533649
27.1564354062164,0.307308099970043,0.0012998906324849,0.0015455695372759,5,0.175566502463054,0.000684023596578,7.92762577128005e-07,0.801648814733994
17.311448354563197,0.304084289143297,0.000315699674681,0.001556079484736,5,0.16976343781693,0.000724163604394,1.0866459853623e-06,0.788808708371443
16.244678042393,0.306934384294361,0.026467175179822,0.001545438423146,4,0.160338814150473,0.000689347620865,9.598357772024491e-07,0.776180255268783
23.1709217679207,0.326666760457481,0.038133841717513,0.001531920260591,4,0.1755457081897259,0.0006892135370379,1.03545247624162e-06,0.778139209538697
21.0670016217453,0.338692478047988,0.040888065936005,0.001548755072941,5,0.1816716025008219,0.0007008658249419,1.04386401366243e-06,0.792721409528472
22.3490530488306,0.32839966746149,0.044189376076654,0.001552097035529,5,0.171632955106068,0.000722504730651,1.21211078324597e-06,0.8104651695605519
93.1343896521033,0.332873125159961,-0.0094370105067909,0.00160007310176,5,0.193104743129386,0.0008157343751129,2.09813922142233e-06,0.795751928332066
39.3438419994789,0.426711764661866,0.00068824052403,0.001481474287851,4,0.10807881773399,0.000608130989031,6.4215923644135e-07,0.7875861991018599
32.1594525836511,0.352034426914426,0.012137136176121,0.001540462409573,4,0.1768600458865949,0.0007025538801139,1.10156800941695e-06,0.802001662462601
25.0411775136795,0.3377501727457669,0.047334919051054,0.001516995900511,4,0.165401051939513,0.000669323675412,1.00139382782168e-06,0.789296015992138
15.0904731047593,0.2997773172661649,0.021110638900358,0.001552773475535,5,0.1616037355708829,0.000696173219391,8.14931853422226e-07,0.806096328817919
52.7629037756308,0.310599985463268,0.000794927268915,0.00166598881869,5,0.223722387075503,0.0009305568162769,3.57059214276577e-06,0.799765882710173
27.9362994666826,0.332342772915898,0.006061899944056,0.001542946888156,5,0.1813224650411069,0.000704185204732,9.51827613998813e-07,0.7933207000228409
24.909145348849503,0.333037533203941,-0.00497401565218,0.001535953535565,5,0.1701903346777049,0.000688455271075,8.992512689616359e-07,0.807421510158163
38.4983912556198,0.297720296077765,-0.000191931973063,0.001619207589751,5,0.177424210102159,0.000815167991961,1.84279831055768e-06,0.8127994043732171
26.3954247591257,0.322932443125888,0.002985357589352,0.001540371426846,4,0.162588740300479,0.000682141448444,8.0652738980754e-07,0.8116351471267199
12.526232464944,0.294014089476091,0.034723085394123,0.001544294456042,4,0.1602985074626869,0.0006883672324139,8.63293234398547e-07,0.7909554965897792
26.428840336284,0.340894790998232,0.001860705814222,0.001538980467665,4,0.166218236173393,0.000718161953334,1.70882482069316e-06,0.7943302620720329
36.1143148980101,0.365710630145114,-0.001158774975059,0.0015175242633179,4,0.144322890767446,0.000655164016819,9.97217078441156e-07,0.7980511573090259
15.9097230082426,0.298170154935588,0.009209194007126,0.001531174918272,4,0.153753306878307,0.0006956749245249,1.18708995282657e-06,0.790711510923563
21.417051507912603,0.343965089705569,-0.001570181640326,0.001548200996246,4,0.182907243526713,0.000696404882493,8.614033332065528e-07,0.80376512767992
23.568070239137896,0.3144879736432769,0.009335167688032,0.001548225455791,5,0.16617137196632,0.0007003567604589,1.25919514630785e-06,0.7957044249899531
32.9406949064428,0.309742286050046,0.004873599595052,0.00154095523625,4,0.168690358670615,0.0007011778326499,1.02315051454499e-06,0.8010604876469108
38.1219700869997,0.337916464783217,0.088737552762926,0.001524685997976,4,0.145099018139458,0.000673531390546,1.1069261765930402e-06,0.8004009020674508
16.2282045502104,0.293186677039325,-0.007158445840585,0.0015548727148179,5,0.17564929693962,0.0007075951820239,9.03150983734441e-07,0.821706604404697
24.2293125812226,0.302793151585719,0.021847717912654,0.001572940865043,6,0.177016883332149,0.000712028076146,6.50444629331463e-07,0.821649268494051
39.044240965294,0.34017319777471,0.008214286022193,0.001522208984911,4,0.1599306587419509,0.0006577991261859,5.93335478681588e-07,0.803944106337942
25.6129020712615,0.3366735920214569,0.020837389670445,0.001554814324952,5,0.186853307138179,0.00069557161735,8.348966048428821e-07,0.8252559195770509
14.1904722296997,0.2950427773071939,0.032987754841784,0.0015669286123139,4,0.1727137176938369,0.000718972247541,7.28906948993084e-07,0.7717593880922049
13.7948241900738,0.293368841369434,0.020296551262639,0.00155804217825,4,0.1658777682729779,0.000689575472722,7.294626742700141e-07,0.7778340918832941
27.316849317803896,0.298475736413,0.002842316101581,0.001577799910329,4,0.188383588729609,0.000757804252818,1.77333433450032e-06,0.8100908685799971
25.3482251516737,0.301962608050391,-0.0036038056740509,0.0015491445132629,5,0.1701485148514849,0.000708146108484,9.49676519716084e-07,0.7800938964562472
55.8252908619438,0.270786092116146,-0.0009218425971649,0.001683583234556,5,0.203001041370822,0.000976930377514,3.5183777730243105e-06,0.80276920690353
24.663234117217804,0.318756586852623,0.0025843881832279,0.001539827088207,5,0.168267326732673,0.0006927492677649,1.03837455699765e-06,0.795328959237288
30.3634800142842,0.294237808637899,-0.002562624771707,0.001618157857349,4,0.1965693551047339,0.000836631857593,1.52285631531098e-06,0.785242174286955
25.6608890536942,0.33841189496308,0.028836285072577,0.0015286725847989,5,0.156048652202498,0.000672704967006,1.05374487205792e-06,0.805130872703394
37.3161571470737,0.331068976234586,0.002362834915054,0.0015284740072189,4,0.1555938320209969,0.0006788299148539,9.56337698148349e-07,0.79369568824146
20.995286978558603,0.334289984429531,0.050122421695359,0.001558592367334,5,0.19374663954929,0.000730822281365,1.32348784446085e-06,0.8185235532742159
18.458004364441603,0.3442837555315119,0.0198641263823459,0.001507085769706,4,0.1429162528963919,0.0006354906985369,6.71078887019378e-07,0.7913706178176829
32.5528908816157,0.349267849221654,0.024354083712105,0.0015183440753589,5,0.148851429515783,0.000661266631035,7.55473391294717e-07,0.8188362329659941
28.768840725005603,0.34600141609754,0.076956698215564,0.001557550874826,4,0.17247375328084,0.0007399198690099,1.68206575665334e-06,0.8190963447265971
25.03566609364,0.323355967853738,0.023451979357191,0.001551661593455,5,0.168218590061086,0.000710520761099,1.1501654931292802e-06,0.793265537208715
15.2663472162111,0.301402849380357,0.000503004096872,0.001572203714584,5,0.178777131508015,0.000725341529132,7.809230015187141e-07,0.7838836133798299
30.7092099986305,0.337540550449095,0.056803600440637,0.0015521675014929,6,0.169477741738354,0.0007045378381719,1.04603170543054e-06,0.8234665719740071
40.0533354455328,0.334980108140985,-0.000586185169422,0.001526818032247,4,0.16426456071076,0.000664479956901,6.36578815899817e-07,0.7891865532403479
14.4174502487658,0.307009750323575,0.0025480380010679,0.001521669591421,5,0.139354624085163,0.000648844001643,5.86606456245112e-07,0.803718374117494
27.673431412378505,0.3533443496165779,0.0003848679581329,0.0015101540483499,4,0.1528667652373909,0.0006724062537579,1.13395432892643e-06,0.795421642798205
24.4422253805103,0.3248062017165269,0.000769400885696,0.0015314904447349,5,0.151834040546912,0.000688008455943,1.09864062068486e-06,0.8110715533176459
16.957575235875098,0.297946303192653,0.003198733954215,0.001544672032765,4,0.167887184562098,0.0006935680036169,9.744727473373009e-07,0.7986213973818059
23.6554162945043,0.361799280102849,0.0003623567156959,0.0014976863328379,5,0.13728309370352,0.000624633853647,7.05678053063982e-07,0.806826107875696
24.8619389016216,0.396435922572645,-0.000639817601626,0.001475851289939,4,0.108728179551122,0.000600287305974,6.20271080678697e-07,0.799833041606798
24.224403969068497,0.342013658557861,0.051603520490872,0.001520847124972,4,0.161672416625596,0.000655759805982,8.03287587630265e-07,0.7974791445181899
25.5259234046752,0.40928132996194,0.009646049914486,0.001479412296407,4,0.110514096185738,0.00058373352447,5.03669938469095e-07,0.812718686903113
22.7829013973349,0.342238540632001,0.02243264961544,0.001534942544155,5,0.169558074585181,0.000681427027346,5.98988774298628e-07,0.7845667933242739
18.2142824466511,0.297142333228236,-0.008104157968316,0.001547363285093,4,0.1698892745000829,0.000683193306629,6.35378752032358e-07,0.7990580472210871
24.744053096490603,0.293038202437362,0.0157139315468779,0.001566006875741,6,0.174234234234234,0.000748678176873,9.86574732161924e-07,0.797150521715418
27.2192289265491,0.347842558662943,-0.000131272430675,0.001530843445356,4,0.1668001780151309,0.000681833188645,8.77931655987385e-07,0.794224197891583
24.0705864295786,0.335108539960916,0.015927170042,0.001539001817881,5,0.169145595769294,0.0006731779986679,7.508355901849909e-07,0.800186058928229
23.313519106205696,0.305089302354705,0.00829254376299,0.001552947143607,5,0.1697573944832169,0.000683976186686,6.00981511491131e-07,0.7953373901928771
16.2516042477848,0.315403948607926,0.020612104886818,0.001552901402342,5,0.169852298239395,0.000721379049436,1.21603440938167e-06,0.8122532628714509
25.6313413370995,0.3248377407133029,0.024075390078644,0.001547673340885,4,0.171650165016502,0.0007456624812449,1.64856845183058e-06,0.807764114376096
26.9701972247841,0.3180360922984979,-0.0001641241438289,0.001561279480362,4,0.190769230769231,0.000722179369586,1.05420659689902e-06,0.788722078362694
20.257467460270103,0.362421987565702,0.04748009211886,0.001524056751292,5,0.156297395318167,0.0006732603401279,8.530945874111609e-07,0.8326148790090608
21.6904497624677,0.341107341234577,0.054925302052084,0.0015324053525039,4,0.171754472345314,0.000685140456509,1.05410066214484e-06,0.8048423876952701
22.4541020752746,0.323978702557299,-0.003540277440206,0.001526461518453,5,0.16379963750206,0.000670166483117,7.02801670085052e-07,0.807672964344794
37.605715435804704,0.311109121277464,-0.009050557778012,0.0015704252343189,5,0.17120532003325,0.000747584572044,1.18835589255029e-06,0.798756834407179
24.3326551747193,0.328505660830774,-0.000380179087167,0.001549661991545,4,0.192484788686071,0.000701898572962,7.193300302953741e-07,0.7994554418841429
28.979429974695503,0.333288289228236,0.003498886894018,0.00153332015182,5,0.168206317960255,0.000691303607631,9.17902758207788e-07,0.8150748318533281
27.9081569452487,0.340333275564708,0.013189031276881,0.001530516865063,5,0.165254515599343,0.000687531355701,7.0776387133506e-07,0.7893705871580251
31.378303224474102,0.330737363350912,0.000497163501417,0.001545830134182,4,0.1788581770319179,0.000691571565759,6.3850565302702e-07,0.806581984022353
16.7152440503664,0.36966901811967,0.00574064276529,0.0014922869558139,4,0.145916334661355,0.000602954496449,5.034454261229479e-07,0.8080890796425949
21.8985217758223,0.302361722819291,0.002186566931494,0.0015521675014929,4,0.179401118789075,0.000711501808111,8.832139681818501e-07,0.7790996123796908
13.8105696988789,0.301330989849052,0.0275220938486609,0.001558458489006,5,0.171932439145554,0.0007043394971119,1.0141360602233102e-06,0.8019594282948409
24.328872896845304,0.3236615117313,0.004708583310656,0.0015345997646879,4,0.164111384111384,0.000708720847988,1.02103711138705e-06,0.7909669155559921
22.0662691159044,0.3120845216583189,0.010723339693471,0.0015490379633379,6,0.182315942641226,0.000693617628954,6.60853907913138e-07,0.8215323637435781
15.0619370808233,0.302356427016396,0.020331189859728,0.001549571087737,6,0.166716147121887,0.0006945169269119,8.06560610594918e-07,0.8114422102977109
41.4380310144351,0.292633873015691,0.0001931763263909,0.001592224979322,5,0.1745205026455019,0.000805684780828,2.03071586452437e-06,0.77629810386815
17.963113163087197,0.3007990528899379,0.027029427994938,0.0015585404328639,5,0.144178310046573,0.000735114508265,1.55300139455643e-06,0.7878514869462929
26.776046046561103,0.322954586496503,0.0031522375331,0.001548267583147,5,0.157979598552155,0.00069844232211,7.30512125850982e-07,0.799729407856894
16.4550348996879,0.3781324514385779,0.023387610426101,0.001496258606103,4,0.1177811044577509,0.0006334815263869,1.00920202803306e-06,0.802629778889088
24.6469213987156,0.315487468237738,0.002902820822042,0.0015559931059029,4,0.18054596283506,0.0007154455134099,1.00095338886304e-06,0.797999050701247
25.7614186668046,0.3509235937946369,0.000220669554845,0.001536025745233,4,0.1605656964315079,0.000703912953506,9.2880393747935e-07,0.8019351406068991
16.397206637718302,0.298180672940453,0.022887041458467,0.001554260806451,4,0.158908720282538,0.000710037561384,8.03321730017908e-07,0.7931622171920051
14.8566311716639,0.310339864376822,0.018814788285652,0.001522663410472,5,0.1469966996699669,0.000672817167229,1.06826458051993e-06,0.830798525027483
60.81944126134171,0.328544482148085,0.001800479027315,0.001552926354837,4,0.18164941678988,0.000755686639108,1.7046481971533e-06,0.806586679970481
15.8669777504244,0.2981188466521789,0.0120852493039469,0.001561479129636,5,0.166518078256563,0.000709119008105,9.274821613025152e-07,0.7808081911770142
32.3112115927496,0.357564783729615,-0.001111180054311,0.001527972118669,5,0.166749093306957,0.00068503635185,1.023180472206e-06,0.8147645611300358
25.354718079037298,0.342481388095218,-0.003966738131467,0.0015242462875089,4,0.158833250702363,0.000657334518034,6.3122914051313e-07,0.7891927119418349
25.7269591720257,0.316847162746045,0.012309115261847,0.0015453383603099,4,0.1648496861579119,0.000690200552497,9.2813114733334e-07,0.796747920034392
30.412324752003304,0.327134377779935,0.004271174512522,0.001556429764698,5,0.163485780259654,0.000729575115174,1.20984091589238e-06,0.809971822777011
18.521476066431894,0.295559664686211,-0.000430331139725,0.001568289650232,4,0.1798704534130539,0.000718577764602,1.1201387580620198e-06,0.7915722772277242
25.573737277118894,0.340066192100987,0.002409967335411,0.00153227996616,7,0.160303736118953,0.0006952650476939,1.00154796122143e-06,0.8339133739124541
29.246347492894,0.378917295501935,-0.0059707010145399,0.001502140106106,5,0.142261609358384,0.000619840559757,5.49137342509176e-07,0.8147261923767071
22.841066666736804,0.300232532170385,0.022171870609761,0.001572121698976,5,0.164003308519438,0.0007492239936289,1.16119412194428e-06,0.77511204070062
36.6074293663355,0.305739775365835,-0.0067647505408009,0.001603947935215,6,0.1726423670397769,0.000787948717452,1.44156093268718e-06,0.78119804233776
29.146657701611097,0.343832624286453,0.0009648421258829,0.001523398111085,5,0.1487474274359519,0.000672215775625,8.81782709990773e-07,0.811042774579272
25.817918695753697,0.323770590327493,0.002777263608654,0.001558758942085,5,0.193168110023704,0.000731994401982,1.12076602524891e-06,0.789390505247799
16.305926511940697,0.301656009849926,0.003530942867183,0.001547910491795,6,0.162878787878788,0.000691840984335,7.03450955879597e-07,0.822215635096531
15.129811627552302,0.299559779537283,0.025369589996591,0.001554994748657,6,0.1508063175394849,0.000703895197973,8.511331936396379e-07,0.793659217295201
31.4107525793595,0.41339189706042,0.002261255218309,0.001486362500605,5,0.113396257658553,0.0006099065876919,6.02588351522517e-07,0.7865044286103441
21.8357666634584,0.315261958612097,0.0102355481065499,0.001544241497184,4,0.1787639710716629,0.000699284504497,9.274299671576348e-07,0.7876983858109009
16.4159050999916,0.323779218514612,0.0057582444776,0.001526959527896,4,0.163714759535655,0.000669123188295,9.14350862832976e-07,0.8178290589209201
25.4996493629344,0.306325566294499,0.0006945172026499,0.001558605176122,4,0.170546038038605,0.000724251363962,1.35271215013131e-06,0.8001240891329608
22.975793795851697,0.359188398998437,0.0930374048288849,0.0015302510877729,5,0.161867321867322,0.000686955136238,8.862773250377769e-07,0.8072866351724469
25.9643686200491,0.342698366767039,-0.0025958032107989,0.001523050589559,5,0.173655007725804,0.000659700906007,7.1811380389173e-07,0.792609149401979
25.3657471622757,0.368444896884558,0.02631095279188,0.001507085769706,4,0.145349222111884,0.000648200221568,8.539889526812179e-07,0.792594764118842
19.460696170982,0.292841988722719,0.0238072322464079,0.0015633896316039,4,0.164373546028581,0.000704073905399,8.979983856673841e-07,0.7998311327360459
18.330091355651103,0.3356602053437499,-0.011900247556077,0.001521787032446,5,0.147711122128574,0.000654697869999,6.16339358002959e-07,0.8089527191806641
22.9608264820221,0.299316132421592,0.018842721191347,0.0015719736223699,5,0.17491781722551,0.0007660985627069,1.61159567830007e-06,0.807615723965183
17.1530282243447,0.398723136346582,-0.003353265870734,0.001469120622146,4,0.11741935483871,0.000577801121161,7.195339499039091e-07,0.8335158178057329
21.565022404299,0.308567029114557,0.011417143497313,0.001554384501649,5,0.1953014621324129,0.0007024773141139,6.555785864421329e-07,0.7996559758138029
15.9644095830738,0.345784242942295,0.005053913690732,0.001504499781992,5,0.148636931269292,0.000622611941372,4.85537840493511e-07,0.8143378713416072
30.8430584104231,0.337291208848237,0.000533075297308,0.001562796534349,5,0.17688145597639,0.000735627719448,1.02906080882366e-06,0.8117763790408971
29.2962706459028,0.3851486733821479,0.0248192426821199,0.001506480514322,4,0.132772277227723,0.000654640829975,7.60373037408298e-07,0.7883030679843142
24.991751092591898,0.353545988843519,0.002243198251467,0.00151440926726,4,0.152999504214179,0.000639327322508,5.42622729837853e-07,0.7962010118087941
22.8222386813492,0.404791853599116,0.001221152757907,0.001477283336354,4,0.104279054279054,0.000575133870118,5.29705177381339e-07,0.8066428820560642
22.3819699043578,0.346458046782202,-0.0007791104701989,0.001533516043797,4,0.152300282345125,0.0006755121330069,7.56421948321909e-07,0.811645500959804
20.6746267901102,0.311737367433414,0.004565975338058,0.001534284511501,4,0.170687098368759,0.000688302203773,1.02771135783866e-06,0.7860471168084879
24.5553172996139,0.339429125062579,0.0132559969614669,0.001535067009782,5,0.170628231461152,0.000679441011229,6.61252800328719e-07,0.809755574532812
15.7749433326593,0.300359249016605,0.003934914478264,0.0015446360928139,5,0.1660889617954019,0.000684792517964,9.1500247563005e-07,0.806009631305274
16.386056535943197,0.353662880870526,-0.001838684410232,0.0014967396039,4,0.144010677344011,0.000606058723409,5.833713810508661e-07,0.807697691611609
27.338914277558494,0.317542326279316,0.00599417588797,0.001556423244586,4,0.1887086201245489,0.000720667334095,8.999629739856251e-07,0.765610524683644
24.0766463593407,0.327666978180567,0.050202381528516,0.001548200965154,4,0.1800361782601549,0.0007029860744969,8.316426762826491e-07,0.7879141372380641
30.4576780794704,0.2987879028169379,0.008696431338244,0.001548612168081,4,0.177018837018837,0.0007144189770619,9.32860954886907e-07,0.7774147783010159
26.709833442702895,0.344515143650605,0.018549550765833,0.0015552809387039,5,0.181691297208539,0.000719410737655,1.05206848804e-06,0.797640864563394
33.8969379605999,0.337953619041726,0.001611089780628,0.001525753413727,5,0.1530078895463509,0.000664580620346,7.386780370214621e-07,0.813655789982907
14.8797667514692,0.291874578526539,0.021118377705603,0.001536412835467,5,0.155234776837564,0.000667444237421,7.808425549159309e-07,0.802097224991543
20.3443862584702,0.299037125832013,0.03462661933671,0.0015363263246179,5,0.1574672633847169,0.000669022410266,9.265326374649608e-07,0.809017759519336
29.8442721091458,0.394586323119767,-0.002032209119587,0.0015035010725659,4,0.134915924826904,0.0006389866910619,8.43403084004047e-07,0.811125648013898
13.8605755550508,0.296801113761425,0.00042342967865,0.001554260806451,5,0.169586859133897,0.000709075199206,9.57711668905113e-07,0.8175083661640871
23.4016264881248,0.317472475598704,0.0050685753905679,0.001554260392834,4,0.1949934123847169,0.0007039519541,8.10949470771911e-07,0.7913744685571049
17.5104497544095,0.309123745692928,0.031411273542238,0.001559019824366,5,0.164198144466534,0.000721043836701,9.11379606264632e-07,0.808124665692739
25.0171567583444,0.3164454843338319,0.003832968958399,0.001553749396667,5,0.189200722140161,0.0007190532165419,1.46268719687053e-06,0.810435532557138
28.831625410356,0.339874543509301,0.042097380885953,0.001530861952042,4,0.164526987265495,0.0007008732693749,1.72736796020904e-06,0.802613918307529
22.482262168474897,0.313663016032106,0.010920839996484,0.001536457040992,5,0.1750657462195919,0.000681560111952,9.33193384871716e-07,0.798075645669256
22.7737638158335,0.3398973339194019,0.0100745170971919,0.001520763146597,4,0.16921056950599,0.000658994707524,5.68530590741764e-07,0.7882113301862571
26.5005835978695,0.305265338055928,0.027973954836117,0.001532890444417,5,0.171902182832759,0.000673566360714,6.41688858515935e-07,0.815128129306472
27.364317481318604,0.37235644994169,0.028551354858922,0.0014996953203779,5,0.131346249379036,0.000631317538545,7.65881445965253e-07,0.803848311126672
19.2584152014992,0.313214053056873,-0.002649738037862,0.001523430278597,5,0.149569251159708,0.000663359511418,8.206351176754119e-07,0.792261015429813
24.5432098120546,0.314680166316145,0.015809817216351,0.001547910491795,4,0.1852602108036889,0.000710572863747,1.46632805707045e-06,0.800198186395983
14.8971422543134,0.287963875936287,-1.7908781187208398e-05,0.0015651678998289,4,0.173535755765721,0.000736255582123,2.06857815718633e-06,0.7973502111871421
24.594979179314603,0.3492063799212759,0.007174782506745,0.001558605176122,4,0.178642220019822,0.0007095103992369,1.02318659572095e-06,0.792174668815194
15.698314553764,0.297834150895465,0.023581312657636,0.001550675266136,5,0.16293717884966,0.000697139738525,7.35167443602581e-07,0.80390342483779
49.415503731923295,0.397964466772582,-0.005097532252255,0.0014829453959889,4,0.1112921810699589,0.000608215344076,6.8890094465542e-07,0.821007522998669
16.307083958733,0.319189781663974,0.000505754070485,0.001528867570312,4,0.166451292246521,0.000664286482944,7.815338339743659e-07,0.8082494708686501
25.2338763702502,0.311934219691864,-0.002593124828154,0.0015570426273779,5,0.1719019218025179,0.000735633206245,1.33534572639421e-06,0.7936956887441
17.8414942855919,0.296015361236817,0.016725608343555,0.001559144932095,5,0.172939017504235,0.0007199539395269,9.66520355245284e-07,0.79869954289798
13.5231484814097,0.374066545248047,-0.0002632310136109,0.001474017297112,4,0.1244908097367109,0.000573583678835,4.83003784614829e-07,0.8257280465440979
28.3409542162778,0.315935644657805,0.003327409378332,0.0015467528253639,6,0.179034882898182,0.000704661438031,1.26503602058527e-06,0.802640654677304
30.9794020308398,0.314242336956728,0.0030639816757699,0.001545956676091,5,0.1678359683794469,0.0006947545970379,7.1359688312786e-07,0.82012941699797
33.1209048801889,0.2925891934194619,0.0299610140093189,0.001587783716521,6,0.187330647251478,0.00076177883759,1.08439210852849e-06,0.82886531253628
20.825542666919,0.416910746888927,-0.001854417366641,0.001479260369815,4,0.123688155922039,0.000595102451359,6.96250174062544e-07,0.8235592227972192
38.429847175041,0.417112595379717,-0.0033493541861409,0.0014858265264,4,0.1136023916292969,0.00059318622589,4.52663904220153e-07,0.8060632432562809
53.8033213475185,0.314234358881554,-0.0123679094931019,0.001629722086939,7,0.2053134314346729,0.000905238358507,4.5401334878183405e-06,0.8170892777942479
15.8250666055819,0.29939141831965,0.018488359244827,0.001541461072943,4,0.1492315319781849,0.00070429669303,1.12088329978202e-06,0.788450309506201
59.5767603375058,0.370272074871994,-0.004032159239534,0.00151316623695,4,0.137603855101363,0.000651611815591,1.34811418329121e-06,0.818144310602967
22.6069768747127,0.364233521757432,0.022940558486955,0.001518403434026,5,0.141935483870968,0.000643274340578,5.998156438464029e-07,0.82427708585868
12.5982300832535,0.315926813119728,-0.0007360395969789,0.001549190892875,4,0.160673438942957,0.000729961908407,3.18744959970003e-06,0.7929615775992142
12.853231507976698,0.32466847497364,0.0308645057918329,0.001501700061168,5,0.140928689883914,0.000624859589885,5.909858827482629e-07,0.7930837925913599
24.244785136309098,0.342809522005172,0.070752374219048,0.0015705517388879,5,0.1704206113701659,0.000772077167209,1.43724995527492e-06,0.801896009058657
14.2413307036001,0.348711990614745,0.0046694148764829,0.001509077675033,6,0.154644808743169,0.0006158669269869,4.51572933353671e-07,0.83158254177738
22.521804175933,0.293006105783241,-0.008176844908906,0.0015698909184689,4,0.189558629776021,0.000742381269232,8.26651501037081e-07,0.7914431110747041
